{
  "features": [
    "Reaction_biomass-to-hmf",
    "Reaction_co2-reduction",
    "Reaction_ethanol-to-jet",
    "Reaction_methanol-synthesis",
    "Reaction_syngas-to-ethanol",
    "Metal_Ag",
    "Metal_Au",
    "Metal_Co",
    "Metal_Cu",
    "Metal_Fe",
    "Metal_In",
    "Metal_Ni",
    "Metal_Pd",
    "Metal_Pt",
    "Metal_Rh",
    "Metal_Ru",
    "Metal_Sn",
    "Support_Al2O3",
    "Support_BEA",
    "Support_C",
    "Support_CeO2",
    "Support_HZSM-5",
    "Support_MgO",
    "Support_SAPO-34",
    "Support_SiO2",
    "Support_TiO2",
    "Temperature",
    "Pressure"
  ],
  "categories": {
    "Reaction": [
      "biomass-to-hmf",
      "co2-reduction",
      "ethanol-to-jet",
      "methanol-synthesis",
      "syngas-to-ethanol"
    ],
    "Metal": [
      "Ag",
      "Au",
      "Co",
      "Cu",
      "Fe",
      "In",
      "Ni",
      "Pd",
      "Pt",
      "Rh",
      "Ru",
      "Sn"
    ],
    "Support": [
      "Al2O3",
      "BEA",
      "C",
      "CeO2",
      "HZSM-5",
      "MgO",
      "SAPO-34",
      "SiO2",
      "TiO2"
    ]
  },
  "activity_model": {
    "intercept": 0.666933699801257,
    "coefficients": [
      -0.025332598052521294,
      0.06434112277038018,
      0.0011508736160598082,
      -0.019314629500734877,
      -0.020844768833160294,
      0.04125407858063372,
      -0.00648496520205641,
      -0.01885629948777501,
      0.03935824749378934,
      -0.011027391060849314,
      0.06405805909794608,
      -0.015785284203898926,
      -0.02289507786682298,
      -0.024649036780750245,
      -0.016741220686008657,
      -0.020055130769844047,
      -0.008175979114386212,
      -0.011598838941824513,
      0.011243613222877999,
      -0.010458241397530836,
      0.001009668822801295,
      0.0004081732349850635,
      0.000597157650265254,
      0.003526965140413795,
      -0.002854066333549164,
      0.008125568601573497,
      -0.00031221424467999155,
      -1.4940827826796574e-05
    ]
  },
  "selectivity_model": {
    "intercept": 0.6674948045324338,
    "coefficients": [
      -0.021150409944312776,
      0.06055772285009992,
      0.0015094724289403912,
      -0.017912405409477035,
      -0.023004379925224024,
      0.04040097573578064,
      -0.006276452735088052,
      -0.018120733905172683,
      0.034479800941421355,
      -0.009989046155860486,
      0.06516097864627829,
      -0.01317705346844338,
      -0.024720363436412596,
      -0.027146848269761808,
      -0.020889430493507898,
      -0.011473450980030995,
      -0.008248375879225812,
      -0.007499736764461472,
      0.012329595710923132,
      -0.01484243501752816,
      0.0016666643222371066,
      -0.0022276781380081317,
      0.003375718902267255,
      0.0036963440869222336,
      -0.005242117681815647,
      0.008743644579474772,
      -0.000316223090850548,
      3.643188244112896e-05
    ]
  }
}